Test accuracy,Test loss
0.9103139013452914,0.4047703444957733
