Test accuracy,Test loss
88.57142857142857,0.42007673978805543
