Test accuracy,Test loss
66.66666666666666,0.5101675987243652
