Test accuracy,Test loss
82.96296296296296,0.4443801581859589
