Test accuracy,Test loss
0.9192825112107623,0.39176690578460693
