Test accuracy,Test loss
0.8430493273542601,0.44509416073560715
