Test accuracy,Test loss
91.42857142857143,0.3910239219665527
