Test accuracy,Test loss
65.38461538461539,0.6288645267486572
