Test accuracy,Test loss
0.9282511210762332,0.38097669184207916
