Test accuracy,Test loss
0.90625,0.399002343416214
