Test accuracy,Test loss
0.8878923766816144,0.4064693972468376
