Test accuracy,Test loss
0.8616071428571429,0.446587897837162
