Test accuracy,Test loss
91.56626506024097,0.40275217592716217
