Test accuracy,Test loss
0.90625,0.417774461209774
