Test accuracy,Test loss
0.8705357142857143,0.4577043578028679
