Test accuracy,Test loss
0.8789237668161435,0.42485420405864716
