Test accuracy,Test loss
78.78787878787878,0.4757330060005188
