Test accuracy,Test loss
95.2054794520548,0.35688310861587524
