Test accuracy,Test loss
88.88888888888889,0.4187931835651398
