Test accuracy,Test loss
90.96385542168674,0.4139517918229103
