Test accuracy,Test loss
86.58536585365853,0.42358972628911334
