Test accuracy,Test loss
90.97222222222221,0.38936991691589357
