Test accuracy,Test loss
86.42857142857143,0.4410982012748718
